index,start_time,end_time,posX_change
0,0.9335428,1.635117,0.029012999999999955
1,1.635117,2.224302,0.05010200000000009
2,2.224302,3.302794,0.10657400000000017
3,3.302794,4.255371,0.05072599999999983
4,4.255371,4.881674,0.009386000000000116
5,4.881674,5.595928,0.021142000000000216
6,5.595928,6.849242,0.100997
7,6.849242,7.524964,0.01004499999999986
8,7.524964,8.189471,0.01406900000000011
9,8.189471,9.029863,0.05576599999999998
10,9.029863,9.681859,0.03309200000000012
11,9.681859,10.38311,0.03099300000000005
12,10.38311,11.36069,0.06452199999999975
13,11.36069,12.4755,0.028691000000000022
14,12.4755,13.13957,0.029366000000000003
15,13.13957,13.86718,0.024173999999999918
16,13.86718,14.58219,0.029806
17,14.58219,15.23341,0.004902000000000184
18,15.23341,15.94641,0.032643999999999895
19,15.94641,16.88647,0.07147699999999979
20,16.88647,17.70135,0.017799999999999816
21,17.70135,18.28982,0.016452000000000355
22,18.28982,19.01727,0.0449139999999999
23,19.01727,19.86914,0.03393399999999969
24,19.86914,20.53426,0.01439099999999982
25,20.53426,21.4234,0.009365000000000068
26,21.4234,22.09966,0.050303999999999904
27,22.09966,22.6766,0.03681599999999996
28,22.6766,23.52779,0.08778000000000019
29,23.52779,24.41903,0.019670000000000076
30,24.41903,25.12727,0.01859899999999981
31,25.12727,25.95898,0.04783699999999991
32,25.95898,26.89902,0.08152399999999993
33,26.89902,27.48752,0.00850099999999987
34,27.48752,28.25307,0.029593999999999898
35,28.25307,29.00387,0.03784699999999974
36,29.00387,29.60657,0.0249290000000002
37,29.60657,30.33488,0.032272999999999996
38,30.33488,31.03517,0.05788099999999985
39,31.03517,31.7494,0.030972
40,31.7494,32.45139,0.0252340000000002
41,32.45139,33.67947,0.04057099999999969
42,33.67947,34.14293,0.020961999999999925
43,34.14293,34.71951,0.02193400000000012
44,34.71951,35.43037,0.023031000000000246
45,35.43037,36.32135,0.0485850000000001
46,36.32135,36.94852,0.0121
47,36.94852,37.53784,0.023804999999999854
48,37.53784,38.22528,0.0464380000000002
49,38.22528,39.15411,0.02047600000000016
50,39.15411,40.00497,0.042444999999999844
51,40.00497,40.70699,0.032355000000000134
52,40.70699,41.47269,0.043229000000000184
53,41.47269,42.35077,0.032710999999999935
54,42.35077,42.98004,0.0047279999999998434
55,42.98004,43.64127,0.034856999999999916
56,43.64127,44.43178,0.075515
57,44.43178,45.08343,0.024871999999999783
58,45.08343,45.5589,0.004354999999999887
