index,start_time,end_time,posX_change
0,0.0,2.066757,0.358795521
1,2.066757,2.78083,0.154241893
2,2.78083,3.608135,0.178900433
3,3.608135,5.463444,0.3556108970000001
4,5.463444,7.056507,0.5963838400000001
5,7.056507,8.471897,0.326121452
6,8.471897,9.711636,0.24424630699999997
7,9.711636,10.79004,0.29519463
8,10.79004,11.90512,0.35576690999999994
9,11.90512,13.07099,0.24347529999999998
10,13.07099,14.76303,0.278941892
11,14.76303,16.27719,0.05816278999999999
12,16.27719,17.5719,0.072713166
13,17.5719,18.15728,0.08989759
14,18.15728,19.52426,0.03125105
15,19.52426,20.79069,0.02724094000000001
16,20.79069,22.31961,0.033589487999999994
17,22.31961,23.52254,0.042793371000000004
18,23.52254,24.31182,0.025746930000000005
19,24.31182,25.64047,0.06096521799999999
20,25.64047,26.75608,0.07059228999999999
21,26.75608,27.68267,0.07727247000000001
22,27.68267,29.54963,0.09031246000000001
23,29.54963,30.54034,0.01621735
24,30.54034,31.27903,0.033934970000000016
25,31.27903,32.68264,0.14533385
26,32.68264,33.38382,0.03497350000000001
27,33.38382,34.06166,0.021644169999999997
28,34.06166,35.21453,0.05071449399999999
29,35.21453,35.89392,0.011524024999999999
30,35.89392,36.98047,0.05056582299999999
31,36.98047,37.58253,0.037974511
32,37.58253,38.74736,0.05930876399999999
33,38.74736,40.02751,0.09653561999999999
34,40.02751,41.14209,0.0354023
35,41.14209,41.55561,0.04224658
36,41.55561,42.2816,0.040343119999999996
37,42.2816,43.91106,0.11482077000000002
38,43.91106,44.41286,0.005499860000000002
39,44.41286,45.62723,0.04510411999999999
40,45.62723,46.44239,0.036748782
41,46.44239,47.12194,0.0
42,47.12194,48.28587,0.0
43,48.28587,49.01199,0.0
44,49.01199,49.87626,0.0
45,49.87626,50.47583,0.0
46,50.47583,51.394,0.0
47,51.394,52.03039,0.0
48,52.03039,53.53537,0.0
49,53.53537,55.10151,0.0
50,55.10151,56.26704,0.0
